vid_id,vid,num_frames,inference_time_ms,latency_time_ms,frame_inference_time_ms,frame_latency_time_ms,frame_inference_time_ms_min,frame_inference_time_ms_max,frame_inference_time_ms_std
482f2643-7eea-426d-8643-faae675739a0,2025-11-28_053936_de4b6d58-5325-4793-8df3-52c5fc65878c,163,203583.865,216469.342,1248.981,1328.033,1213.982,1398.556,14.11
76623365-f1ed-409e-a111-e40020eb6217,2025-11-28_075346_42aaa445-db18-438f-836a-752ced15cd22,257,321956.48,342849.742,1252.749,1334.046,1131.712,1336.166,14.64
5870ba4c-58b7-489b-9d57-4319593579bd,2025-12-01_064005_348424dd-1e9e-45be-9df0-1a2cbe98df3c,38,47273.093,50454.672,1244.029,1327.755,1001.516,1270.194,40.769
873f0b89-a563-4440-b7f6-bdb0d22dcd3f,2025-12-12_052743_5ac8852a-cea2-4a6b-82df-a6bf204255f8,107,133638.315,142417.089,1248.956,1331.001,1220.995,1266.796,7.046
bbb7ed0c-3adc-4d61-a73b-eeddeecea29d,2025-12-15_003847_ba96a697-e0b8-40e4-bf84-825d6a982050,125,156343.912,166317.85,1250.751,1330.543,976.946,1301.888,26.101
23af9a66-08d4-447b-8cbc-38dd24f6192e,2025-12-15_021127_5d803b23-52a5-4815-9fb1-988e6b759959,99,123978.177,132532.511,1252.305,1338.712,1233.994,1320.569,10.894
8168397b-ede6-44fd-9afb-428cf89a5416,0409ea20af4d2089_83d5bcbc-3175-4fdc-b935-4162c087b324,83,103814.403,110151.882,1250.776,1327.131,1031.891,1312.329,26.406
de079ceb-817c-4296-8f54-7312f03e4bee,dfe1dfc888193864_88e2e864-4689-41d0-8701-c71b1666962e,91,114121.34,121285.997,1254.081,1332.813,1234.929,1308.449,9.739
333f52ce-20ef-449f-8bd4-534de18395c1,f4134d698722eec5_3434b65c-895e-4c3a-b9d6-30e9eb6928d0,65,81198.283,85940.119,1249.204,1322.156,1231.57,1260.366,5.002
66940b12-6da7-4b1a-b58d-b271c6cbb305,ef8ad6b8f2aca05e_e23299b4-3dfd-40c1-8dcf-22cc0281aec2,217,271970.186,289966.419,1253.319,1336.251,1174.28,1322.647,14.263
61b05e08-3867-45be-bd5a-293f28f430d4,e4b239254fc5ed78_b3bcfb6b-6191-449a-a8e7-64a8b0771854,19,24213.654,26045.789,1274.403,1370.831,1236.544,1323.085,30.657
ba5ce3d3-2bc3-47c2-9e4e-dd0df1fd8860,ae6fd2581ddb582b_9127e493-745c-410a-a255-d63acbe44fd6,20,25268.742,27074.081,1263.437,1353.704,1240.329,1332.053,28.71
7aecc574-96af-4618-ae73-77b7f4984275,a2d73b4171e25875_d72409e8-b259-4da7-85b2-f84ea54222ab,38,47581.609,50920.317,1252.148,1340.008,1234.044,1296.913,14.23
6bd417a8-de56-4fb9-9ae4-8f6086c3fd0f,234b9596e5898889_5d891953-7d9a-47bf-9cdb-850305b75650,7,8724.623,9221.203,1246.375,1317.315,1240.71,1252.035,3.663
5a764d15-7993-4308-a4ea-593e997d50cf,21f15337b82011ac_1ffbac7b-10d8-488e-9046-b527428e8bba,38,47410.359,50351.97,1247.641,1325.052,1122.168,1259.785,21.181
37b3621b-b6b5-4271-8ff5-f3134392dd14,7fb91d21546408a2_5900a5c3-6fc5-492c-a17c-30a4a1d6ef45,51,63761.271,67819.12,1250.221,1329.787,1234.935,1305.837,10.346
88892b8a-9a15-4548-9f0a-54d1ae59b75e,6cfb1ba29a36ae98_c8a2b6a3-70ec-4a07-a5be-16b6c8c9135b,47,58616.441,62236.349,1247.158,1324.178,1119.782,1260.786,19.776
f598c748-53b8-43b2-b5ab-de9b43a1dbcd,6a028e65be5f3e72_b1a1f87c-ffd5-416a-a29c-dbbdf6260368,42,52863.97,56513.594,1258.666,1345.562,1236.864,1327.696,22.897
9164f4ed-0087-45ab-bea7-2048c5c22795,4bf394707daf5e2e_49a7469f-fd22-4c7d-a3ec-25cab4892895,51,64336.639,68870.738,1261.503,1350.407,1240.838,1324.468,19.674
9604fde0-d0db-462e-be4a-3cb2f9f6b29c,0c11abcb3064d945_2c2d4bfc-0833-44a3-a81f-9b40eee2b33e,31,39217.568,42135.423,1265.083,1359.207,1239.031,1326.021,26.102
176f61e7-06d3-4bdc-8edc-b548a1387e9d,fefe4f80a578a4db_61049b53-5ad8-4ee8-b337-739dec2db120,58,72581.26,77468.919,1251.401,1335.671,1216.09,1283.385,11.232
462cad27-c478-404c-a7d6-e9ee086431c2,eda3d67004400d7f_5da5f4d4-7334-4e08-9613-57e1722984f7,24,30167.077,32243.095,1256.962,1343.462,1246.494,1271.17,6.949
37925524-6cbe-4213-ae81-094d39e30418,e19a3058e4b8513e_dcdd1dfa-c12f-4d57-be18-c89c3bf41489,123,154005.706,163722.039,1252.079,1331.073,1239.97,1298.125,7.639
34b69873-36a3-4de7-8923-591eafe4553a,dcd44647e6aa9f59_20df37e1-10a6-4a61-b226-6a1dbd3b58c2,136,170971.955,181500.142,1257.147,1334.56,1123.099,1324.28,21.079
3daa2868-5469-4f1d-a268-45c14f8bbd38,dbb59f2e3439c4eb_9b199d1d-f6e8-4caa-a872-4ad5a40e2b19,100,126641.831,135083.198,1266.418,1350.832,1239.025,1326.135,21.11
064fa016-653d-4057-811f-f4b9ccd269df,ca141b97d55814cf_b912ada0-1f85-4bf8-8fe4-983897406a88,114,143059.865,151595.747,1254.911,1329.787,1145.959,1321.786,16.688
c7e3ab4d-0839-451a-a9b2-d567567f9602,a60ce82d5287f8c1_6d5e8069-2930-4940-a85c-c21e127f32bc,49,61614.06,65798.806,1257.43,1342.833,1237.075,1321.063,17.912
93eaec3f-a31e-4058-aac8-16699a8001d2,60980501b10504dc_89bb8c1a-31e8-4582-8c51-a5267356e2f2,97,121959.94,129462.442,1257.319,1334.664,1233.489,1328.954,12.141
4a9743ac-763c-4bbc-b22e-8622821c7f7e,48460807b1547a94_2a5a7d96-500c-4ab6-8b24-a727a8687932,219,277036.468,295275.616,1265.007,1348.29,1234.99,1347.155,22.501
d02e624f-ee3c-4677-8e8c-3676d34b174b,787952f918d925db_70b54719-f9ce-43bd-b2ca-800e1c676e8b,90,113929.833,121024.668,1265.887,1344.719,1232.552,1337.436,30.739
6d38279f-80db-4738-88fb-f0d70842b162,718788f156f5d372_c8170f06-df8c-44eb-b4de-471e2ca7b37b,77,96771.19,103107.045,1256.769,1339.053,1142.357,1336.749,21.085
ad8cea90-5a8b-46ba-b79e-fced012e6a9e,4826cf7214d68d96_32a393a2-08bc-47e5-9826-6560f36c51e0,35,44028.833,46934.513,1257.967,1340.986,1241.638,1285.268,11.079
d2d16ea9-8b31-4025-b47f-06d11fb47d57,90f607d5b3838c07_4aa9fc18-537e-48cd-b756-57482983eb95,181,228047.429,242570.471,1259.931,1340.168,1231.022,1314.332,15.056
0789051d-c2c3-472d-ac01-57f17d8761c4,027f6d0ce122a990_ca3db7e5-a522-4ebd-be1e-267a67d25dcf,78,98480.354,105445.025,1262.569,1351.859,1239.581,1337.794,20.584
63d0193e-77b4-4a87-9a50-935054b3c7c3,2cc6fb21357b9412_354f2473-ace2-413e-bc0a-fd9bf7575496,292,366445.556,391201.496,1254.951,1339.731,1176.446,1314.855,14.454
251692a9-3c19-4cf0-93ac-e50d8714575c,0ac1a535e0177700_cf166d63-675b-4ef1-9b93-32432e0811ee,53,66459.234,70256.551,1253.948,1325.595,1090.885,1326.336,27.615
d4db73d4-e084-448b-a294-1a033dfdc4cb,2025-12-05_075123_1cdb3944-32d2-44b7-96a1-ff7d69014b09,60,75408.945,80420.883,1256.816,1340.348,1240.573,1308.207,12.579
08b1d3c7-7585-4701-9e8f-6511bbf71822,adfaa4c9515dd647_69dc3a2b-525d-43e5-b361-2f165982a8c4,34,42476.946,45385.955,1249.322,1334.881,1239.875,1267.164,6.691
9f3ae8af-c7b3-4edb-9e95-ef983c00b054,3b4212d9b1dde96f_8be8f377-55f1-4396-9026-af6bf4caf832,18,22674.307,24112.792,1259.684,1339.6,1237.567,1298.043,17.421
621a134f-27a4-4d0d-9c76-e11fc3d68616,15b4ab836fa9fbc7_2d7f73d1-3a3c-4fe7-8c73-8ecc3483d530,421,526332.959,561645.351,1250.197,1334.074,1153.688,1297.136,10.015
766a38bf-37a7-472f-94ff-9a1e9fc21570,199c42cda4a54270_cef2879f-868b-459a-8330-74dc2f0344ee,31,39093.032,41806.135,1261.066,1348.585,1238.864,1324.855,19.522
07c6623a-b240-474e-a5c6-238584ff0921,404e37e6c297372b_1a416681-5eb4-4d32-ba73-f53b0cfcfaf4,214,267795.911,285022.151,1251.383,1331.879,1229.194,1294.124,9.142
78acd00e-fc3c-40b3-a795-44718ff6b8fe,759c960f4882d210_70b94d29-6e56-4331-9fe8-0f1a512bac0b,236,295774.629,314093.208,1253.282,1330.903,1226.648,1303.417,9.795
4c889612-05ba-45f7-b1b8-4e35f1ec5d1a,f2ad364cf5776bf7_d31068d4-91ea-4ca3-9d03-332d58aab367,176,161886.242,177190.341,919.808,1006.763,621.219,1272.078,313.446
